<application>
  <component name="ProjectManager">
    <defaultProject>
      <component name="PropertiesComponent">{}</component>
      <component name="WindowStateProjectService">
        <state x="2953" y="479" width="754" height="888" key="FileChooserDialogImpl" timestamp="1748549561317">
          <screen x="1890" y="0" width="2880" height="1800" />
        </state>
        <state x="2953" y="479" width="754" height="888" key="FileChooserDialogImpl/1890.0.2880.1800/0.0.1890.3360/4770.0.3360.1890" timestamp="1748549561317" />
      </component>
    </defaultProject>
  </component>
</application>