<application>
  <component name="Trusted.Paths">
    <option name="TRUSTED_PROJECT_PATHS">
      <map>
        <entry key="$USER_HOME$/Desktop/mpd-avr-client" value="true" />
        <entry key="$USER_HOME$/Desktop/online-booking-x" value="true" />
        <entry key="$USER_HOME$/Desktop/online-booking-x/ClientApp" value="true" />
        <entry key="$USER_HOME$/Desktop/project-config" value="true" />
        <entry key="$USER_HOME$/Downloads/dolphin" value="true" />
        <entry key="$USER_HOME$/Downloads/kio" value="true" />
        <entry key="$USER_HOME$/Downloads/kwin" value="true" />
        <entry key="$USER_HOME$/Downloads/plasma-desktop" value="true" />
        <entry key="$USER_HOME$/projects/kwin" value="true" />
        <entry key="$USER_HOME$/projects/online-booking-x/ClientApp" value="true" />
      </map>
    </option>
  </component>
  <component name="Trusted.Paths.Settings">
    <option name="TRUSTED_PATHS">
      <list>
        <option value="$USER_HOME$/Desktop" />
        <option value="$USER_HOME$/Downloads" />
        <option value="$USER_HOME$/projects/online-booking-x" />
        <option value="$USER_HOME$/projects" />
      </list>
    </option>
  </component>
</application>