<application>
  <component name="DimensionService">
    <location key="find.popup.1890.0.2880.1800@168dpi" x="2490" y="299" />
    <location key="find.popup.4770.0.3360.1890@168dpi" x="2490" y="299" />
    <location key="find.popup.0.0.1890.3360@168dpi" x="2490" y="299" />
    <location key="find.popup.0.0.2880.1800@168dpi" x="1040" y="222" />
    <location key="find.popup.1080.224.2560.1440" x="1805" y="419" />
    <location key="find.popup.0.164.1080.1920" x="1805" y="419" />
    <size key="GridCell.Tab.0.left.1890.0.2880.1800@168dpi" width="1878" height="3194" />
    <size key="GridCell.Tab.0.center.1890.0.2880.1800@168dpi" width="1878" height="3194" />
    <size key="GridCell.Tab.0.right.1890.0.2880.1800@168dpi" width="1878" height="3194" />
    <size key="GridCell.Tab.0.bottom.1890.0.2880.1800@168dpi" width="1878" height="3194" />
    <size key="find.popup.1890.0.2880.1800@168dpi" width="1697" height="1261" />
    <size key="GridCell.Tab.0.left.0.0.1890.3360@168dpi" width="1878" height="3194" />
    <size key="GridCell.Tab.0.center.0.0.1890.3360@168dpi" width="1878" height="3194" />
    <size key="GridCell.Tab.0.right.0.0.1890.3360@168dpi" width="1878" height="3194" />
    <size key="GridCell.Tab.0.bottom.0.0.1890.3360@168dpi" width="1878" height="3194" />
    <size key="find.popup.4770.0.3360.1890@168dpi" width="1697" height="1261" />
    <size key="find.popup.0.0.1890.3360@168dpi" width="1697" height="1261" />
    <size key="GridCell.Tab.0.left.4770.0.3360.1890@168dpi" width="1885" height="3205" />
    <size key="GridCell.Tab.0.center.4770.0.3360.1890@168dpi" width="1885" height="3205" />
    <size key="GridCell.Tab.0.right.4770.0.3360.1890@168dpi" width="1885" height="3205" />
    <size key="GridCell.Tab.0.bottom.4770.0.3360.1890@168dpi" width="1885" height="3205" />
    <size key="find.popup.0.0.2880.1800@168dpi" width="1096" height="1112" />
    <size key="GridCell.Tab.0.left.0.0.2880.1800@168dpi" width="1878" height="1634" />
    <size key="GridCell.Tab.0.center.0.0.2880.1800@168dpi" width="1878" height="1634" />
    <size key="GridCell.Tab.0.right.0.0.2880.1800@168dpi" width="1878" height="1634" />
    <size key="GridCell.Tab.0.bottom.0.0.2880.1800@168dpi" width="1878" height="1634" />
    <size key="find.popup.1080.224.2560.1440" width="960" height="1089" />
    <size key="find.popup.0.164.1080.1920" width="960" height="1089" />
  </component>
  <component name="WindowManager">
    <frame x="1080" y="250" width="2560" height="1414" extendedState="6" />
  </component>
  <component name="WindowStateApplicationService">
    <state x="569" y="893" width="754" height="849" key="FileChooserDialogImpl" timestamp="1743448533181">
      <screen x="0" y="0" width="1890" height="3360" />
    </state>
    <state x="569" y="893" width="754" height="849" key="FileChooserDialogImpl/1890.0.2880.1800/0.0.1890.3360/4770.0.3360.1890" timestamp="1743448533181" />
    <state width="887" height="127" key="ShowUsagesActions.dimensionServiceKey" timestamp="1750627359570">
      <screen x="1080" y="224" width="2560" height="1440" />
    </state>
    <state width="727" height="1209" key="ShowUsagesActions.dimensionServiceKey/0.46.2880.1754" timestamp="1746901898123" />
    <state width="887" height="127" key="ShowUsagesActions.dimensionServiceKey/1080.224.2560.1440/0.164.1080.1920/3640.0.1080.1920" timestamp="1750627359570" />
    <state width="1267" height="965" key="ShowUsagesActions.dimensionServiceKey/1890.0.2880.1800/0.0.1890.3360/4770.0.3360.1890" timestamp="1748457833555" />
    <state width="1273" height="1115" key="ShowUsagesActions.dimensionServiceKey/1890.0.2880.1800/4770.0.3360.1890/0.0.1890.3360" timestamp="1748287088724" />
    <state x="945" y="1309" width="1400" height="1138" key="WELCOME_SCREEN" timestamp="1743448520371">
      <screen x="0" y="0" width="1890" height="3360" />
    </state>
    <state x="945" y="1309" width="1400" height="1138" key="WELCOME_SCREEN/1890.0.2880.1800/0.0.1890.3360/4770.0.3360.1890" timestamp="1743448520371" />
    <state width="525" height="915" key="manage.recent.projects.popup" timestamp="1743879002280">
      <screen x="1890" y="0" width="2880" height="1800" />
    </state>
    <state width="525" height="915" key="manage.recent.projects.popup/1890.0.2880.1800/0.0.1890.3360/4770.0.3360.1890" timestamp="1743879002280" />
  </component>
</application>