<keymap version="1" name="IntelliJ IDEA Classic (macOS) copy" parent="Mac OS X">
  <action id="Find">
    <keyboard-shortcut first-keystroke="ctrl f" />
  </action>
  <action id="FindInPath">
    <keyboard-shortcut first-keystroke="shift ctrl n" />
  </action>
  <action id="FindNext">
    <keyboard-shortcut first-keystroke="ctrl g" />
  </action>
  <action id="FindPrevious">
    <keyboard-shortcut first-keystroke="shift ctrl g" />
  </action>
  <action id="NewScratchFile" />
  <action id="Replace">
    <keyboard-shortcut first-keystroke="ctrl r" />
  </action>
  <action id="SelectNextOccurrence" />
  <action id="ShowSettings">
    <keyboard-shortcut first-keystroke="ctrl comma" />
  </action>
  <action id="TodoViewGroupByFlattenPackage" />
  <action id="UnselectPreviousOccurrence" />
</keymap>