<keymap version="1" name="KDE copy" parent="Default for KDE">
  <action id="ActivateProjectToolWindow">
    <keyboard-shortcut first-keystroke="ctrl 1" />
  </action>
  <action id="ActivateRunToolWindow" />
  <action id="ActivateServicesToolWindow">
    <keyboard-shortcut first-keystroke="ctrl 4" />
  </action>
  <action id="ActivateTerminalToolWindow">
    <keyboard-shortcut first-keystroke="ctrl 5" />
  </action>
  <action id="ActivateVersionControlToolWindow">
    <keyboard-shortcut first-keystroke="ctrl 9" />
  </action>
  <action id="Back">
    <keyboard-shortcut first-keystroke="alt left" />
  </action>
  <action id="CloseActiveTab" />
  <action id="CloseContent">
    <keyboard-shortcut first-keystroke="ctrl w" />
  </action>
  <action id="Console.DbmsOutput" />
  <action id="Console.TableResult.NextPage" />
  <action id="Console.TableResult.PreviousPage" />
  <action id="Console.TableResult.Reload" />
  <action id="Diff.NextChange" />
  <action id="Diff.PrevChange" />
  <action id="Documentation.Forward" />
  <action id="DuplicatesForm.SendToLeft" />
  <action id="EditSource">
    <keyboard-shortcut first-keystroke="ctrl down" />
  </action>
  <action id="EditorDeleteLine">
    <keyboard-shortcut first-keystroke="ctrl back_space" />
  </action>
  <action id="EditorDeleteToWordStart" />
  <action id="EditorLookupDown" />
  <action id="EditorMoveToPageBottom" />
  <action id="EditorMoveToPageBottomWithSelection" />
  <action id="EditorMoveToPageTop" />
  <action id="EditorMoveToPageTopWithSelection" />
  <action id="EditorScrollDown" />
  <action id="EditorSelectWord" />
  <action id="ExpressionTypeInfo" />
  <action id="FileChooser.GoForward" />
  <action id="FileChooser.GotoHome" />
  <action id="FileChooser.NewFolder">
    <keyboard-shortcut first-keystroke="alt insert" />
  </action>
  <action id="FindNext">
    <keyboard-shortcut first-keystroke="ctrl g" />
  </action>
  <action id="FindPrevious">
    <keyboard-shortcut first-keystroke="shift ctrl g" />
  </action>
  <action id="FindUsages">
    <mouse-shortcut keystroke="control button1 doubleClick" />
  </action>
  <action id="Forward">
    <keyboard-shortcut first-keystroke="alt right" />
  </action>
  <action id="Generate">
    <keyboard-shortcut first-keystroke="ctrl n" />
  </action>
  <action id="GitLab.Merge.Request.List.Refresh" />
  <action id="GitLab.Merge.Request.Refresh" />
  <action id="Github.PullRequest.Details.Reload" />
  <action id="GotoAction" />
  <action id="GotoClass" />
  <action id="GotoDeclaration">
    <mouse-shortcut keystroke="control button1" />
  </action>
  <action id="GotoImplementation" />
  <action id="GotoLine">
    <keyboard-shortcut first-keystroke="ctrl l" />
  </action>
  <action id="GotoSuperMethod" />
  <action id="GotoTypeDeclaration" />
  <action id="Images.Thumbnails.Hide" />
  <action id="MethodOverloadSwitchDown" />
  <action id="NextEditorTab" />
  <action id="NextOccurence" />
  <action id="NextTab">
    <keyboard-shortcut first-keystroke="ctrl page_down" />
  </action>
  <action id="PreviousEditorTab" />
  <action id="PreviousOccurence" />
  <action id="PreviousTab">
    <keyboard-shortcut first-keystroke="ctrl page_up" />
  </action>
  <action id="ReformatWithPrettierAction">
    <keyboard-shortcut first-keystroke="shift ctrl p" />
  </action>
  <action id="Refresh" />
  <action id="Rerun" />
  <action id="Run">
    <keyboard-shortcut first-keystroke="ctrl r" />
  </action>
  <action id="SearchEverywhere.NavigateToNextGroup">
    <keyboard-shortcut first-keystroke="page_down" />
  </action>
  <action id="ShowErrorDescription" />
  <action id="ShowSettings">
    <keyboard-shortcut first-keystroke="ctrl comma" />
  </action>
  <action id="SmartSelect" />
  <action id="Svn.RefreshWorkingCopies" />
  <action id="TableResult.GrowSelection" />
  <action id="TableResult.SelectColumn" />
  <action id="Terminal.ClearBuffer" />
  <action id="Terminal.ClearPrompt" />
  <action id="Terminal.CloseTab" />
  <action id="Terminal.CopySelectedText">
    <keyboard-shortcut first-keystroke="ctrl c" />
  </action>
  <action id="Terminal.DeletePreviousWord" />
  <action id="Terminal.Paste">
    <keyboard-shortcut first-keystroke="ctrl v" />
  </action>
  <action id="Terminal.SearchInCommandHistory" />
  <action id="Terminal.SelectPrompt" />
  <action id="ToggleLineBreakpoint" />
  <action id="UsageFiltering.ReadAccess" />
  <action id="UsageFiltering.WriteAccess" />
  <action id="Vcs.Log.FocusTextFilter" />
  <action id="Vcs.Log.Refresh" />
  <action id="Vcs.RefreshFileHistory" />
  <action id="VcsShowNextChangeMarker">
    <keyboard-shortcut first-keystroke="ctrl alt down" />
  </action>
  <action id="VcsShowPrevChangeMarker">
    <keyboard-shortcut first-keystroke="ctrl alt up" />
  </action>
</keymap>